hw,aw,clw,bw
0.020260339138072236,-0.4496426131084872,0.2557563357461894,-0.06257866436162196
